,"b","a","Z","Y","X","W","V","U","T","S","R","Q","P","O","N","M","L","K","B","}","D","k","0","l","1","m","2","n","3","o","4","C","6","q","p","5","A","{","z","y",">","x","=","w","<","v",";","u","t","9","s","8","r","7","!",".","i","E","(","c","F",")","d","*","e","+","f",",","g","-","h","/","j","G","H","I","J",
792,781,781,781,781,781,781,781,781,781,781,781,781,781,781,781,781,781,781,781,,781,781,781,781,781,781,781,781,781,781,781,781,781,781,781,781,781,,781,781,,781,,781,,781,,781,781,781,781,781,781,781,,,781,781,,781,781,,781,,781,,781,,781,,781,,781,781,781,781,781,
805,781,781,781,781,781,781,781,781,781,781,781,781,781,781,781,781,781,781,781,,781,781,781,781,781,781,781,792,781,781,781,781,781,781,781,781,781,,781,781,,781,,781,,781,,781,781,781,781,781,781,781,,,781,781,,781,781,,781,,781,,781,,781,,781,,781,781,781,781,781,
793,781,805,781,781,781,781,781,781,781,781,781,781,781,781,781,781,781,781,781,,781,781,781,781,781,781,781,781,781,781,781,781,781,781,781,781,781,,781,781,,781,,781,,781,,781,781,781,781,781,781,781,,,781,781,,781,781,,781,,781,,781,,781,,781,,781,781,781,781,781,
801,781,781,781,781,781,781,781,781,781,781,781,781,781,781,781,781,781,781,781,,781,781,781,781,781,781,781,781,781,781,781,781,781,781,781,781,781,,781,781,,781,,781,,781,,781,781,781,781,781,781,781,,,781,781,,781,781,,781,,781,,781,,781,,781,,781,781,781,781,781,
811,,,,,,,,,,,,,,,,,,,,,,,811,,811,,811,,811,,811,,811,,,811,,,,,,,,,,,,,,811,,811,,811,,,,,,,,,,,,,,,,,,,,,,,,
796,781,781,781,781,781,781,781,781,781,781,781,781,781,781,781,781,781,781,781,,781,781,781,781,781,781,781,781,781,781,781,781,781,781,781,781,781,,781,781,,781,,781,,781,,781,781,781,781,781,781,781,,,781,781,,781,781,,781,,781,,781,,781,,781,,781,781,781,781,781,
800,781,781,781,781,781,781,781,781,781,781,781,781,781,781,781,781,781,781,781,,781,781,781,781,781,781,781,781,781,781,781,781,781,781,781,781,781,,781,781,,781,,781,,781,,781,781,781,781,781,781,781,,,781,781,,781,781,,781,,793,,781,,781,,781,,781,781,781,781,781,
795,781,781,781,781,781,781,781,781,781,781,781,781,781,781,781,781,781,781,781,,781,781,781,781,781,781,781,781,781,781,781,781,781,781,781,781,781,,781,781,,781,,781,,781,,781,801,781,781,781,781,781,,,781,781,,781,781,,781,,781,,781,,781,,781,,781,781,781,781,781,
807,781,781,781,781,781,781,781,781,781,781,781,781,781,781,781,781,781,781,781,,781,781,781,781,781,781,781,781,781,781,781,781,781,781,781,781,781,,781,781,,781,,781,,781,,781,781,781,781,781,781,781,,,781,781,,781,781,,781,,781,,781,,781,,781,,781,781,781,781,781,
812,,,,,,,,,,,,,,,,,,,,,,,811,,811,,811,,811,,811,,811,,,811,,,,,,,,,,,,,,811,,811,,811,,,,,,,,,,,,,,,,,,,,,,,,
797,781,781,781,781,781,781,781,781,781,781,781,781,781,781,781,781,781,781,781,,781,781,781,781,781,781,781,781,781,781,781,781,781,781,781,781,781,,781,781,,781,,781,,781,,781,781,781,781,781,781,781,,,781,781,,781,781,,781,,796,,781,,781,,781,,781,781,781,781,781,
806,781,781,781,781,781,781,781,781,781,781,781,781,781,781,781,781,781,781,781,,781,781,781,800,781,781,781,781,781,781,781,781,781,781,781,781,781,,781,781,,781,,781,,781,,781,781,781,781,781,781,781,,,781,781,,781,781,,781,,781,,781,,781,,781,,781,781,781,781,781,
804,781,795,781,781,781,781,781,781,781,781,781,781,781,781,781,781,781,781,781,,781,781,781,781,781,781,781,781,781,781,781,781,781,781,781,781,781,,781,781,,781,,781,,781,,781,781,781,781,781,781,781,,,781,781,,781,781,,781,,781,,781,,781,,781,,781,781,781,781,781,
794,781,781,781,781,781,781,781,781,781,781,781,781,781,781,781,781,781,781,781,,781,781,781,781,781,781,781,781,781,781,781,781,781,781,781,781,781,,781,781,,781,,781,,781,,781,781,781,781,781,781,781,,,781,781,,781,781,,781,,807,,781,,781,,781,,781,781,781,781,781,
802,781,781,781,781,781,781,781,781,781,781,781,781,781,781,781,781,781,781,781,,781,781,781,781,781,781,781,781,781,781,781,781,781,781,781,781,781,,781,781,,781,,781,,781,,781,781,781,781,781,781,781,,,781,781,,781,781,,781,,781,,781,,781,,781,,781,781,781,781,781,
809,,,,,,,,,,,,,,,,,,,,,,,809,,809,,809,,809,,809,,809,,,809,,,,,,,,,,,,,,809,,809,,809,,,,812,,,,,,,,,,,,,,,,,,,,
798,781,781,781,781,781,781,781,781,781,781,781,781,781,781,781,781,781,781,781,,781,781,781,797,781,781,781,781,781,781,781,781,781,781,781,781,781,,781,781,,781,,781,,781,,781,781,781,781,781,781,781,,,781,781,,781,781,,781,,781,,781,,781,,781,,781,781,781,781,781,
790,781,781,781,781,781,781,781,781,781,781,781,781,781,781,781,781,781,781,781,,781,781,781,781,781,781,781,781,781,806,781,781,781,781,781,781,781,,781,781,,781,,781,,781,,781,781,781,781,781,781,781,,,781,781,,781,781,,781,,781,,781,,781,,781,,781,781,781,781,781,
791,781,781,781,781,781,781,781,781,781,781,781,781,781,781,781,781,781,781,781,,781,781,781,781,781,781,781,781,781,804,781,781,781,781,781,781,781,,781,781,,781,,781,,781,,781,781,781,781,781,781,781,,,781,781,,781,781,,781,,781,,781,,781,,781,,781,781,781,781,781,
799,781,781,781,781,781,781,781,781,781,781,781,781,781,781,781,781,781,781,781,,781,781,781,781,781,781,781,781,781,781,781,781,781,781,781,781,781,,781,781,,781,,781,,781,,781,781,781,794,781,781,781,,,781,781,,781,781,,781,,781,,781,,781,,781,,781,781,781,781,781,
789,781,781,781,781,781,781,781,781,781,781,781,781,781,781,781,781,781,781,781,,781,781,781,781,781,781,781,781,781,781,781,781,781,781,781,781,781,,781,781,,781,,781,,781,,781,781,781,781,781,781,781,,,781,781,,781,781,,781,,781,,781,,781,,781,,781,781,781,781,781,
808,781,781,781,781,781,781,781,781,781,781,781,781,781,781,781,781,781,781,781,,781,781,781,781,781,781,781,781,781,781,781,781,781,781,781,781,781,,781,781,,781,,781,,781,,781,802,781,781,781,781,781,,,781,781,,781,781,,781,,781,,781,,781,,781,,781,781,781,781,781,
813,,,,,,,,,,,,,,,,,,,,,,,809,,809,,809,,809,,809,,809,,,809,,,,,,,,,,,,,,809,,809,,809,,,,,,,,,,,,,,,,,,,,,,,,
815,,,,,,,,,,,,,,,,,,,,,,,,,,,,,,,,,,,,,,,,,,,,,,,,,,,,,,,,,,,,,,,,,,,,,,,,,,,,,,
803,781,781,781,781,781,781,781,781,781,781,781,781,781,781,781,781,781,781,781,,781,781,781,781,781,781,781,781,781,781,781,781,781,781,781,781,781,,781,781,,781,,781,,781,,781,781,781,781,781,781,781,,,798,781,,781,781,,781,,781,,781,,781,,781,,781,781,781,781,781,
783,781,781,781,781,781,781,781,781,781,781,781,781,781,781,781,781,781,781,781,,781,781,781,781,781,781,781,781,781,790,781,781,781,781,781,781,781,,781,781,,781,,781,,781,,781,781,781,781,781,781,781,,,781,781,,781,781,,781,,781,,781,,781,,781,,781,781,781,781,781,
814,,,,,,,,,,,,,,,,,,,,,,,,,,,,,,,,,,,,,,,,,,,,,,,,,,,,,,,,,,,,,,,,,,,,,,,,,,,,,,
786,781,781,781,781,781,781,781,781,781,781,781,781,781,781,781,781,781,781,781,,781,781,781,791,781,781,781,781,781,781,781,781,781,781,781,781,781,,781,781,,781,,781,,781,,781,781,781,781,781,781,781,,,781,781,,781,781,,781,,781,,781,,781,,781,,781,781,781,781,781,
819,,,,,,,,,,,,,,,,,,,,,,,,,,,,,,,,,,,,,,,,,,,,,,,,,,,,,,,,,,,,,,,,,,,,,,,,,,,,,,
785,781,781,781,781,781,781,781,781,781,781,781,781,781,781,781,781,781,781,781,,781,781,781,799,781,781,781,781,781,781,781,781,781,781,781,781,781,,781,781,,781,,781,,781,,781,781,781,781,781,781,781,,,781,781,,781,781,,781,,781,,781,,781,,781,,781,781,781,781,781,
816,,,,,,,,,,,,,,,,,,,,,,,,,,,,,,,,,,,,,,,,,,,,,,,,,,,,,,,,,,,,,,,,,,,,,,,,,,,,,,
817,,,,,,,,,,,,,,,,,,,,,,,,,,,,,,,,,,,,,,,,,,,,,,,,,,,,,,,,,,,,,,,,,,,,,,,,,,,,,,
818,,,,,,,,,,,,,,,,,,,,,,,,,,,,,,,,,,,,,,,,,,,,,,,,,,,,,,,,,,,,,,,,,,,,,,,,,,,,,,
784,781,781,781,781,781,781,781,781,781,781,781,781,781,781,781,781,781,781,781,,781,781,781,781,781,781,781,808,781,781,781,781,781,781,781,781,781,,781,781,,781,,781,,781,,781,781,781,781,781,781,781,,,781,781,,781,781,,781,,781,,789,,781,,781,,781,781,781,781,781,
825,,,,,,,,,,,,,,,,,,,,,,,,,,,,,,,,,,,,,,,,,,,815,,,,,,,,,,,,,,,,,,,,,,,,,,,,,,,,,,,
810,,,,,,,,,,,,,,,,,,,,,,,810,,810,,810,,810,,810,,810,,,810,,,,,,,,,,,,,,810,,810,,810,,813,,,,,,,,,,,,,,,,,,,,,,
821,,,,,,,,,,,,,,,,,,,,,,,,,,,,,,,,,,,,,,,,,,,,,,,,,,,,,,,,,,,,,,,,,,,,,,,,,,,,,,
824,,,,,,,,,,,,,,,,,,,,,,,,,,,,,,,,,,,,,,,,,,,815,,,,,,,,,,,,,,,,,,,,,,,,,,,,,,,,,,,
822,,,,,,,,,,,,,,,,,,,,,,,,,,,,,,,,,,,,,,,,,,,815,,,,,,,,,,,,,,,,,,,,,,,,,,,,,,,,,,,
782,781,781,781,781,781,781,781,781,781,781,781,781,781,781,781,781,781,781,781,,781,781,781,781,781,781,781,781,781,781,781,781,781,781,781,781,781,,781,781,,781,,781,,781,,781,781,781,781,781,781,781,,,781,781,,781,781,,781,,781,,781,,781,,803,,781,781,781,781,781,
781,781,781,781,781,781,781,781,781,781,781,781,781,781,781,781,781,781,781,781,,781,781,781,781,781,781,781,781,781,781,781,781,781,781,781,781,781,,781,781,,781,,781,,781,,781,781,781,781,781,781,781,,,781,781,,781,781,,781,,781,,781,,781,,781,,781,781,781,781,781,
820,,,,,,,,,,,,,,,,,,,,,,,,,,,,,,,,,,,,,,,,,,,,,,,,,,,,,,,,,,,,,,,,,,,,,,,,,,,,,,
823,,,,,,,,,,,,,,,,,,,,,,,,,,,,,,,,,,,,,,,,,,,,,,,,,,,,,,,,,,,,,,,,,,,,,,,,,,,,,,
788,783,781,781,781,781,781,781,781,781,781,781,781,781,781,781,781,781,781,781,823,781,781,810,781,810,781,810,781,810,781,810,781,810,781,781,810,781,820,781,781,824,781,822,782,824,781,821,781,781,810,781,810,781,810,825,,784,781,818,781,781,817,781,816,785,819,786,814,781,819,781,816,781,781,781,781,781,
